"0","load_all(""HW2"")"
"2","Warnung: path[1]=""HW2"": Das System kann die angegebene Datei nicht finden"
"1","[1m[33mError[39m in `value[[3L]]()`:[22m
[38;5;254m[33m![38;5;254m Could not find a root 'DESCRIPTION' file that starts with '^Package' in ]8;;file://C:\Users\Omar Jouini\OneDrive - pg.hs-fulda.de\Dokumente\Studium\Public Health Studium\5. Semester UMass\R III Course\HW2\HW2[34mC:\Users\Omar Jouini\OneDrive -[38;5;254m]8;;
  ]8;;file://C:\Users\Omar Jouini\OneDrive - pg.hs-fulda.de\Dokumente\Studium\Public Health Studium\5. Semester UMass\R III Course\HW2\HW2[34mpg.hs-fulda.de\Dokumente\Studium\Public Health Studium\5. Semester UMass\R III Course\HW2\HW2[38;5;254m]8;;.
[36mℹ[38;5;254m Are you in your project directory and does your project have a 'DESCRIPTION' file?[39m
Backtrace:
[90m 1. [39m[1mdevtools[22m::load_all(""HW2"")
[90m 2. [39m[1mpkgload[22m::load_all(...)
[90m 3. [39mpkgload::pkg_path(path)
[90m 4. [39m[1mbase[22m::tryCatch(...)
[90m 5. [39mbase (local) tryCatchList(expr, classes, parentenv, handlers)
[90m 6. [39mbase (local) tryCatchOne(expr, names, parentenv, handlers[[1L]])
[90m 7. [39m[1m[94mvalue[[3L]](cond)[39m[22m
"
