{"chunk_definitions":[{"row":60,"row_count":1,"visible":true,"expansion_state":0,"options":{"engine":"r","label":"library","dev":"png"},"document_id":"7C256059","chunk_id":"cm58lq06owbcq","chunk_label":"library"},{"row":66,"row_count":1,"visible":true,"expansion_state":0,"options":{"engine":"r","label":"unnamed-chunk-4","dev":"png"},"document_id":"7C256059","chunk_id":"cu74c51r3eqrp","chunk_label":"unnamed-chunk-1"},{"row":76,"row_count":1,"visible":true,"expansion_state":0,"options":{},"document_id":"7C256059","chunk_id":"cbom4i0xszcyk","chunk_label":"unnamed-chunk-2"},{"row":92,"row_count":1,"visible":true,"expansion_state":0,"options":{},"document_id":"7C256059","chunk_id":"cmu9stw73tljr","chunk_label":"unnamed-chunk-3"},{"row":95,"row_count":1,"visible":true,"expansion_state":0,"options":{},"document_id":"7C256059","chunk_id":"cbndkc19i5rwx","chunk_label":"unnamed-chunk-4"}],"doc_write_time":1733291360}